{
  "format_version": "1.10.0",
  "animation_controllers": {
    "controller.animation.get_player_face.root": {
      "initial_state": "default",
      "states": {
        "default": {
          "transitions": [
            { "usage": "v.player_face = 0; for_each(t.players, q.get_nearby_entities_except_self(0.1, 'minecraft:player'), { v.player_face = t.players->q.cardinal_player_facing;}); return 0;" }
          ]
        },
        "usage": {
          "transitions": [
            { "default": "1" }
          ]
        }
      }
    },
    "controller.animation.get_player_face": {
      "initial_state": "default",
      "states": {
        "default": {
          "transitions": [
            { "north": "(v.player_face ?? 0) == 2" },
            { "south": "(v.player_face ?? 0) == 3" },
            { "west": "(v.player_face ?? 0) == 4" },
            { "east": "(v.player_face ?? 0) == 5" },
            { "up": "(v.player_face ?? 0) == 1" },
            { "down": "(v.player_face ?? 0) == 0" }
          ]
        },
        "down": {
          "on_entry": [ "/tag @p[r=0.1] add down", "/tag @p[r=0.1] remove up", "/tag @p[r=0.1] remove north", "/tag @p[r=0.1] remove south", "/tag @p[r=0.1] remove west", "/tag @p[r=0.1] remove east" ],
          "on_exit": [ "/tag @p[r=0.1] remove down" ],
          "transitions": [
            { "default": "v.player_face != 0" }
          ]
        },
        "up": {
          "on_entry": [ "/tag @p[r=0.1] add up", "/tag @p[r=0.1] remove down", "/tag @p[r=0.1] remove north", "/tag @p[r=0.1] remove south", "/tag @p[r=0.1] remove west", "/tag @p[r=0.1] remove east" ],
          "on_exit": [ "/tag @p[r=0.1] remove up"],
          "transitions": [
            { "default": "v.player_face != 1" }
          ]
        },
        "north": {
          "on_entry": [ "/tag @p[r=0.1] add north", "/tag @p[r=0.1] remove west", "/tag @p[r=0.1] remove east", "/tag @p[r=0.1] remove south", "/tag @p[r=0.1] remove down", "/tag @p[r=0.1] remove up" ],
          "on_exit": [ "/tag @p[r=0.1] remove north"],
          "transitions": [
            { "default": "v.player_face != 2" }
          ]
        },
        "south": {
          "on_entry": [ "/tag @p[r=0.1] add south", "/tag @p[r=0.1] remove west", "/tag @p[r=0.1] remove north", "/tag @p[r=0.1] remove east", "/tag @p[r=0.1] remove down", "/tag @p[r=0.1] remove up" ],
          "on_exit": [ "/tag @p[r=0.1] remove south"],
          "transitions": [
            { "default": "v.player_face != 3" }
          ]
        },
        "west": {
          "on_entry": [ "/tag @p[r=0.1] add west", "/tag @p[r=0.1] remove east", "/tag @p[r=0.1] remove north", "/tag @p[r=0.1] remove south", "/tag @p[r=0.1] remove down", "/tag @p[r=0.1] remove up" ],
          "on_exit": [ "/tag @p[r=0.1] remove west"],
          "transitions": [
            { "default": "v.player_face != 4" }
          ]
        },
        "east": {
          "on_entry": [ "/tag @p[r=0.1] add east", "/tag @p[r=0.1] remove west", "/tag @p[r=0.1] remove north", "/tag @p[r=0.1] remove south", "/tag @p[r=0.1] remove down", "/tag @p[r=0.1] remove up" ],
          "on_exit": [ "/tag @p[r=0.1] remove east"],
          "transitions": [
            { "default": "v.player_face != 5" }
          ]
        }
      }
    }
  }
}