{
  "format_version": "1.16.0",
  "minecraft:entity": {
    "description": {
      "identifier": "add:etiqueta",
      "is_spawnable": false,
      "is_summonable": true,
      "is_experimental": false,
      "scripts": {
        "animate": [ "player_face", "set" ]
      },
      "animations": {
        "player_face": "controller.animation.get_player_face.root",
        "set": "controller.animation.get_player_face"
      }
    },
    "components": {
      "minecraft:type_family": {
        "family": [
          "inanimate"
        ]
      },
      "minecraft:damage_sensor": {
        "triggers": [
          {
            "cause": "all",
            "deals_damage": false
          }
        ]
      },
      "minecraft:fire_immune": {
      },
      "minecraft:collision_box": {
        "height": 0.01,
        "width": 0.01
      },
      "minecraft:physics": {
        "has_gravity": false
      },
      "minecraft:health": {
        "value": 1
      },
      "minecraft:environment_sensor": {
        "triggers": [
          {
            "event": "minecraft:despawn",
            "filters": {
              "any_of": [
                { "test": "is_family", "subject": "self", "operator": "==", "value": "inanimate" }
              ]
            }
          }
        ]
      },
      "minecraft:custom_hit_test": {
        "hitboxes": [
          {
            "width": -1,
            "height": -1,
            "pivot": [ 0, 0.0, 0 ]
          }
        ]
      },
      "minecraft:is_hidden_when_invisible": {},
      "minecraft:pushable": {
        "is_pushable": false,
        "is_pushable_by_piston": false
      }
    },
    "component_groups": {
      "minecraft:despawn": {
        "minecraft:instant_despawn": {}
      }
    },
    "events": {
      "minecraft:despawn": {
        "add": {
          "component_groups": [
            "minecraft:despawn"
          ]
        }
      }
    }
  }
}