{
  "root_panel": {
    "modifications": [
      {
        "array_name": "controls",
        "operation": "insert_front",
        "value": {
          "WITE_panel@WITE.WITE_panel": {}
        }
      },
      {
        "array_name": "controls",
        "operation": "insert_front",
        "value": {
          "iconos_panel@WITE.iconos_panel": {}
        }
      }
    ]
  },
  "hud_actionbar_text": {
    "visible": false
  },
  "hud_title_text": {
    "visible": false
  }
}