{
  "namespace": "WITE",
  "WITE_panel": {
    "type": "panel",
    "factory": {
      "name": "hud_title_text_factory",
      "control_ids": {
        "hud_title_text": "imagenes@WITE.imagenes"
      }
    }
  },
  "iconos_panel": {
    "type": "panel",
    "factory": {
      "name": "hud_actionbar_text_factory",
      "control_ids": {
        "hud_actionbar_text": "iconos@WITE.iconos"
      }
    }
  },
  "iconos": {
    "type": "panel",
    "offset": [ "66px", "-70px" ],
    "size": [ "100%c", "100%c" ],
    "controls": [
      {
        "Entities": {
          "type": "image",
          "texture": "$actionbar_text",
          "layer": 2,
          "size": [ 31, 31 ],
          "alpha": "@WITE.anim_iconos"
        }
      },
      {
        "Borde": {
          "type": "image",
          "texture": "textures/ui/WITEFondo",
          "size": [ 32, 32 ],
          "layer": 1,
          "alpha": "@WITE.anim_iconos"
        }
      }
    ]
  },
  "anim_iconos": {
    "destroy_at_end": "hud_actionbar_text",
    "from": 1,
    "to": 0,
    "duration": 0.6,
    "easing": "in_expo",
    "anim_type": "alpha"
  },
  "anim_WITE": {
    "destroy_at_end": "hud_title_text",
    "from": 1,
    "to": 0,
    "duration": 0.6,
    "anim_type": "alpha",
    "easing": "in_expo"
  },
  "imagenes": {
    "type": "image",
    "size": [ "28%", "40%" ],
    "offset": [ "150px", "-30%" ],
    "alpha": "@WITE.anim_WITE",
    "texture": "textures/ui/WITEFondo",
    "controls": [
      {
        "WITE_text": {
          "type": "label",
          "alpha": "@WITE.anim_WITE",
          "anchor_from": "center",
          "anchor_to": "center",
          "localize": true,
          "inherit_max_sibling_width": true,
          "layer": 1,
          "color": "$tool_tip_text",
          "text": "#text",
          "bindings": [
            { "binding_type": "global", "binding_name": "#hud_title_text_string", "binding_name_override": "#text" }
          ]
        }
      }
    ]
  }
}